OBJECTID,COUNTY,CITY,Shape__Area,Shape__Length,GlobalID
1,San Bernardino,Adelanto,202527216.65625,122818.299432443,a112aaa2-6c60-4c6f-83c5-5a03126064e8
2,Los Angeles,Agoura Hills,29643180.1953125,29626.9407231508,b9192abb-2d64-4f7b-b9dc-97b8a703521b
3,Alameda,Alameda,43583052.453125,52137.8769118302,b8a7f28a-a71e-4e96-bd7e-78cf84f27f7d
4,Alameda,Albany,7558117.2109375,16774.017561212,f25071bd-a3d2-437a-bdf4-2d25a0aea1f4
5,Los Angeles,Alhambra,28883376.6367188,25461.4876329188,a74ff6de-81a9-4d98-b4dc-a1f9d9730f4b
6,Orange,Aliso Viejo,25901253.5117188,33775.3696308583,32e63b56-98f9-462e-9e0d-86ed32f59a6f
7,Modoc,Alturas,13359025.0585938,23764.8127344721,f87fe79e-88fe-44fe-bacf-b16d00e72320
8,Amador,Amador City,1307710.1328125,4628.80717539254,0b0e5dd4-dd76-4d23-b8db-5f80e581a6d9
9,Napa,American Canyon,25657660.1835938,34793.6440438085,0e0b9daf-6b3d-4783-a074-8607c357f0eb
10,Orange,Anaheim,196108999.554688,147822.690354671,7b29a09d-80e7-4ecf-a52d-6fa122b3651c
11,Shasta,Anderson,32458888.3984375,47510.5481526246,d8e5af81-bf95-43bc-87b0-bdb8fc4aa286
12,Calaveras,Angels Camp,14886738.2734375,30295.3811127137,48b86afe-5032-430f-b44b-b2b9a1ce4d71
13,Contra Costa,Antioch,124941447.402344,74914.6180628466,3425eb3e-ab73-490a-a609-8b129dc2551c
14,San Bernardino,Apple Valley,294405037.746094,105049.496705671,65eac460-b13a-4c7a-9ecd-ab032081b0fc
15,Los Angeles,Arcadia,42082448.140625,48662.39865065,ef3b66aa-bcd6-433f-b223-138330934559
16,Humboldt,Arcata,51385121.5664063,75159.8543906089,d4015cfd-be17-4795-993f-9b16b5473331
17,San Luis Obispo,Arroyo Grande,23011217.6171875,31484.2368777697,f24cf9f8-c008-4879-bab2-12ba38562928
18,Los Angeles,Artesia,6128534.55859375,15055.4587668051,a4a86472-9eaa-487d-8231-1021d9979654
19,Kern,Arvin,18685857.6328125,26421.7606989487,8efc70e8-1780-476f-af6e-6e2e31b1f895
20,San Luis Obispo,Atascadero,102461859.882813,57267.537566731,c655e318-452c-47f4-8afb-42f479315749
21,San Mateo,Atherton,20737664.7421875,30997.3733329307,aa08edb8-1fd2-499e-8cfc-6a44dbed9998
22,Merced,Atwater,27568273.9726563,45442.5725787282,df3340e1-4411-4118-89a9-17a3291b67fd
23,Placer,Auburn,30627246.328125,59836.922974527,672df8e3-4684-4403-832f-92ca411d9d75
24,Los Angeles,Avalon,10948557.5898438,20901.4057551505,560550f8-6871-41d4-a0cd-4754b5cec5ad
25,Kings,Avenal,77458981.5390625,55421.4830221233,77f517a7-7ba5-4159-b73b-9ed6ed558008
26,Los Angeles,Azusa,36615279.453125,58591.2627191577,cb5f0af2-849d-46fd-94f1-02f0adb1cfcb
27,Kern,Bakersfield,591957825.328125,536308.402107617,e87b9568-4d95-4ecd-a142-41268e583cbe
28,Los Angeles,Baldwin Park,25658138.6914063,32301.7639831901,060f5a5a-82ed-416e-a0f9-8ca754dbe65a
29,Riverside,Banning,87707280.59375,98557.2975789746,654116ac-4eea-4993-ad53-d0990c693a16
30,San Bernardino,Barstow,159114428.855469,124528.363805011,2d264963-33f7-45e0-afb7-dc27bf7b63d3
31,Riverside,Beaumont,114352990.65625,95506.7991222663,b77d8417-10b4-4c2f-9a0f-82f65d1ea8ac
32,Los Angeles,Bell,9896026.3125,24187.7973649776,6d6fa9b6-09fe-4d1d-a80e-14c8066ae6d5
33,Los Angeles,Bell Gardens,9285293.390625,14226.2157586177,2519eb23-edc0-4724-be7b-9fa3d0a97fef
34,Los Angeles,Bellflower,23316766.09375,21825.9089684598,7870b149-77ef-44dd-8bda-83ce1e1671b3
35,San Mateo,Belmont,19123418.1992188,28173.7772276943,3cae9a74-f54c-4211-ace2-e7d6c3943792
36,Marin,Belvedere,2645760.046875,8307.52493870506,355cc2b2-ec2a-4160-936f-5f58cc3f72fd
37,Solano,Benicia,54541414.734375,44254.5232957136,950ed4e1-d97b-4c75-b95c-b9f45e348467
38,Alameda,Berkeley,44043848.6679688,41459.8367324381,6e2ab811-24ca-4405-858b-4b515f2cbf1b
39,Los Angeles,Beverly Hills,21616862.796875,31778.1464910811,efe66720-091a-40ff-97d2-84df7e2b6e02
40,San Bernardino,Big Bear Lake,24456282.1484375,56830.6192226937,22313489-4ea2-4f8d-b732-96a85734cc05
41,Butte,Biggs,3846221.96875,16135.5486184904,af347e2a-a981-4860-a8e6-86ada7fd3c7d
42,Inyo,Bishop,7733927.79296875,20427.2825511611,0d21b968-d076-4167-bdbb-12cdccfdbbaa
43,Humboldt,Blue Lake,2934186.11328125,12023.8197091084,fbc1c05f-c1ab-4287-ae33-30f37c748734
44,Riverside,Blythe,102128779.167969,121185.789441709,7043d734-eb55-41ec-8d86-b50f2406934c
45,Los Angeles,Bradbury,7454190.37109375,14387.3505835872,8c1b5b8c-e57c-47e8-bea9-8c33f7ae02bd
46,Imperial,Brawley,29855025.03125,38180.6914694529,62719834-e1c8-4e0c-bbe6-eb1ecad56741
47,Orange,Brea,46234997.2148438,68241.9707096387,8520349e-12de-4a99-b7c9-80b763721795
48,Contra Costa,Brentwood,62015016.90625,55421.5446414708,57f44770-2dee-4e7c-b3bb-72ea924d5ffc
49,San Mateo,Brisbane,13141853.6601563,22435.465536382,57a2d229-f92d-4dd1-9918-ff5202225025
50,Santa Barbara,Buellton,6141802.3671875,14624.7621433802,22b6367d-dd78-4c17-a6ef-3c8767d1f32f
51,Orange,Buena Park,39656062.1640625,48303.8377154201,91e1bad8-fe4c-462e-95cc-d9ba0c260efd
52,Los Angeles,Burbank,65680187.7109375,37732.6951002645,6db9ddaa-7063-4c73-876d-194be1e2c587
53,San Mateo,Burlingame,18469807.4257813,33027.5678387048,bfaef773-993c-4454-8272-205fb12fd32d
54,Los Angeles,Calabasas,52298281.7851563,55027.0141093007,485c70b9-9bab-4aeb-be5c-7163cca1743c
55,Imperial,Calexico,31087571.5664063,29186.6599500101,267b9237-8daa-4d25-851a-23948c144c2f
56,Kern,California City,789537582.632813,218543.464220747,af34f78a-3ccb-4bd3-b0b3-43e772f0a9a9
57,Riverside,Calimesa,56203576.0234375,49018.056262052,63e72b98-e528-4e71-9850-38b5c1f0e383
58,Imperial,Calipatria,13738251.6367188,26908.2929220679,1b6ea6c7-e15c-4df7-8918-8fb4f01a65a3
59,Napa,Calistoga,10908956.6210938,18961.5001568051,1168be30-07e6-4065-b24c-48fac689a0b7
60,Ventura,Camarillo,75049422.5078125,81527.131155545,095e1d8c-dc6f-4063-ad62-c4fe61562963
61,Santa Clara,Campbell,24998433.1601563,42631.9448015409,2bbbd31b-a793-4f85-b983-cde31ce0840f
62,Riverside,Canyon Lake,17337155.8125,23490.5798595959,d8a59ca2-77a6-4047-a457-f95f8a4be94c
63,Santa Cruz,Capitola,6563801.6015625,17092.7812002259,27c03839-c5ee-47e4-93a3-48e6b28c06fd
64,San Diego,Carlsbad,144618402.515625,64938.8544561364,5a6fff42-3f29-42e4-b2d9-4b889b46e4fe
65,Monterey,Carmel-by-the-Sea,4207291.578125,11103.4492502443,6a527908-3c40-43d0-91db-0035ab4f4639
66,Santa Barbara,Carpinteria,9769194.74609375,25481.3894968684,d3427c1b-b943-4c8d-9437-f1271cb93334
67,Los Angeles,Carson,71264281.984375,46865.8997333276,f4518762-7f07-4167-bcfe-71639611bd82
68,Riverside,Cathedral City,85685092.9335938,72484.3277856403,8fbfe59f-3fd3-4781-bc96-65722c530181
69,Stanislaus,Ceres,39070074.109375,50115.3067791011,70de1841-e633-417e-a002-e2cdfcc7f4b2
70,Los Angeles,Cerritos,33280830.8828125,44159.8808403631,865ccce4-120a-41bf-84c1-bfd29b2cc837
71,Butte,Chico,150665486.738281,133508.407352818,5cf1663f-0a95-414f-9748-4c40491ef5bc
72,San Bernardino,Chino,112329838.292969,76113.5247241607,9d9e5c6b-1ae6-4420-9b08-e80745038ca6
73,San Bernardino,Chino Hills,169201220.730469,64200.6791684471,5cadc250-9b91-4f00-926f-b28fda8834a2
74,Madera,Chowchilla,47512774.2304688,54494.8764883057,cb8e37d6-82f2-4d02-880e-2deeb865b903
75,San Diego,Chula Vista,190896872.820313,117806.854388038,023d1032-1b36-4cf5-8758-5f9130ebac61
76,Sacramento,Citrus Heights,60529480.2617188,37762.3354788659,b79255dc-3963-433e-8e39-aa88db7ba337
77,Los Angeles,Claremont,51009193.2226563,55362.5310834762,16410087-eeee-4dcb-8d43-a6467f20dd18
78,Contra Costa,Clayton,15979272.9726563,22349.1629055951,b7f2675d-373a-4b34-af84-b10369054fba
79,Lake,Clearlake,45141923.8789063,59497.0070527463,efa9afc2-6f4c-4f71-811e-1f52ab8d4588
80,Sonoma,Cloverdale,13503600.1523438,32391.9174313441,2b6a2347-ed3f-4362-b790-8b7089f33761
81,Fresno,Clovis,105253884.558594,97663.5920843977,7fe534b0-8a06-4965-89b6-a244f1a5697f
82,Riverside,Coachella,116022122.140625,74723.4726990298,209534f3-1a20-49f5-83f6-92a10b358a02
83,Fresno,Coalinga,26811703.5507813,59004.0782620929,72d7e3bd-16fa-493b-9907-262193259ac1
84,Placer,Colfax,6075099.9609375,26705.3222767442,39d8b993-0031-436d-8bae-b3f9fb0d16b3
85,San Mateo,Colma,7919731.93359375,14677.5574087004,b8898e06-fbe3-4414-805b-a19685b1b47a
86,San Bernardino,Colton,61239993.6367188,87245.8790894998,289bb1cd-f50a-43ce-9fab-3d49139c2fe4
87,Colusa,Colusa,18267046.03125,51340.7961007565,b8cb6085-8438-4866-9433-acf12f10f304
88,Los Angeles,Commerce,24772005.2695313,34419.7069995715,68975d0f-8ff4-4b4e-9535-3a54ca4ec7ed
89,Los Angeles,Compton,38044748.484375,65518.6681167707,d45c30cd-6f0e-400c-b6a7-06af1a2a0566
90,Contra Costa,Concord,127513459.925781,73130.13750995,bad32c1e-4785-4294-98a6-b4f78931887d
91,Kings,Corcoran,29858425,53934.7707754362,5e830bb0-2692-46b2-84dc-22b2f17dfdf9
92,Tehama,Corning,16019825.7421875,43990.3019648362,33990b3b-32b3-43ac-bce9-7418d9993f4c
93,Riverside,Corona,150160692.253906,132639.418052237,d6a88959-43a9-4ff4-9920-82bd4940de0c
94,San Diego,Coronado,54369000.3710938,51643.9853782573,2eb073ea-82ca-44a7-80a6-239ca0ad651b
95,Marin,Corte Madera,13346677.984375,23945.6142369979,4d43e576-541e-4e14-be42-9290e4f11331
96,Orange,Costa Mesa,59407007.5585938,42864.6388678365,fac1c6ae-444d-4765-bcb8-709784ffbe2a
97,Sonoma,Cotati,8054478.47265625,22654.0211633402,5b9e4bdf-d272-49eb-9914-b0362e024d7e
98,Los Angeles,Covina,26633974.5429688,68641.7573279985,98b00a9c-0fdb-4a1c-9eb0-d4e00d3fdd8c
99,Del Norte,Crescent City,9047176.8046875,27369.6547145774,0b985ba9-d50b-4c8c-9bb9-7bd7ea85a1ff
100,Los Angeles,Cudahy,4619389.23046875,12556.3541993487,9772afdb-d8c3-46e1-b0c9-3798b7e29fdc
101,Los Angeles,Culver City,19392272.7109375,43000.490746853,027a401f-7166-4f9c-989c-cb48ffc50245
102,Santa Clara,Cupertino,46432499.9726563,61921.0830346664,bbc4a4da-29f5-47fc-ad55-2f0ef9594276
103,Orange,Cypress,24931636.0039063,30858.9018578347,7f27c17f-a060-4721-b163-85317dcf71eb
104,San Mateo,Daly City,31481708.234375,58686.9224074959,f758ddd6-f085-4f6c-8d0c-bb17c0bb9782
105,Orange,Dana Point,23829533.8007813,35764.3800881183,a22cb1f5-4c3e-465f-a3c7-004c57308fb1
106,Contra Costa,Danville,75149079.2265625,59498.8340194345,dd4f0b62-66b2-4651-ba8e-733eee15684b
107,Yolo,Davis,42513322.7070313,43727.0761240824,a2339da4-4198-40b8-a428-15783c349cea
108,San Diego,Del Mar,6528006.859375,15013.9662996651,272ec060-91fc-480f-9760-9d392695054f
109,Monterey,Del Rey Oaks,4354362.5859375,15438.2679649463,97c2f816-9d14-454f-b787-ea76ca2f994e
110,Kern,Delano,58185971.71875,81035.505056398,c1ba4d11-7395-4df5-ad5a-e4ec3b122467
111,Riverside,Desert Hot Springs,115059015.949219,89443.7519455644,f03901d4-e5c1-43e6-adbe-8cbf747f410b
112,Los Angeles,Diamond Bar,56260173.3046875,40852.0669566082,0249c0e4-090b-454a-8a6b-1e99971f89ad
113,Tulare,Dinuba,26401253.625,32025.4985524667,14af3a48-508f-47b9-89db-1271b638086f
114,Solano,Dixon,30637808.0859375,45030.9713116688,d53bfc36-aa76-4d68-991d-70de339e80e8
115,Siskiyou,Dorris,3429176.59375,10506.6316227417,1f5b113e-71a9-4bc0-ba27-82d70ef23460
116,Merced,Dos Palos,5625361.65234375,19920.8753052145,72e94b51-526f-4fd9-8ffd-20f485340515
117,Los Angeles,Downey,47429348,33293.6806422824,140938f1-aae3-4682-b65a-e9410156ff8d
118,Los Angeles,Duarte,25352553.4179688,41232.9447734242,296f3fca-868a-4116-8516-f385bfd22587
119,Alameda,Dublin,63102256.5585938,47525.9444602977,ad014bab-425f-45db-bcbb-0d718853a44c
120,Siskiyou,Dunsmuir,7928150.3515625,31070.5122199109,e46edaa3-feda-49f0-af61-870e6ff9bd6a
121,San Mateo,East Palo Alto,10429455.75,17040.0888837243,0622de19-2504-4575-8445-4dc46ae9ee14
122,Riverside,Eastvale,49689314.671875,44382.0657163342,4eb4567b-8131-4182-9901-cf5636066d08
123,San Diego,El Cajon,53431661.0625,86079.6035144981,71ddf90f-3d4b-4294-937f-b9ccf4521ef1
124,Imperial,El Centro,44662188.90625,50443.6951513556,20c0aa9a-cb6f-4073-a231-44cfaa4b85ad
125,Contra Costa,El Cerrito,15324817.5976563,20414.0993249826,5386b0ce-8c5f-434b-bed7-10269dad0cbf
126,Los Angeles,El Monte,36375737.5820313,39418.7893358009,c123241e-5890-4f71-abf6-bad68dcbb190
127,Los Angeles,El Segundo,20524972.4375,21114.5546261691,637e99b5-d200-49d0-b77c-d91380abe98d
128,Sacramento,Elk Grove,180614318.03125,85062.4264201786,cdf4856a-d3f7-4a4c-b23f-6d8719a8efa4
129,Alameda,Emeryville,5216920.73828125,16662.5732975122,d876b8d2-5edb-4ce4-b07f-308e04686d0f
130,San Diego,Encinitas,72182317.5429688,58535.0869649252,efde41bb-1ea9-4829-955f-30182d261d3f
131,San Joaquin,Escalon,9845771.80859375,31546.1028880539,258b5c6c-8839-4d23-a66b-c20855fb69cf
132,San Diego,Escondido,138573561.773438,205329.721891013,967d38a2-52b7-408d-8b74-271e425402b5
133,Siskiyou,Etna,3470354.29296875,11297.0685031613,20ee8dfb-4d06-4b70-9df3-0b9ea7999bde
134,Humboldt,Eureka,72595035.28125,67001.7621693919,d9eecf1e-8100-443c-80cb-4fb04f96fad4
135,Tulare,Exeter,9753333.3203125,20871.6456755704,d1a94e43-49ca-4c9e-a9e4-ef394426bda3
136,Marin,Fairfax,9362702.875,26563.2614439302,71bcc0c5-6be0-4708-a905-a3452aad87e9
137,Solano,Fairfield,176053174.117188,159968.993582147,66711b6c-64ba-4de6-af6c-73a257612590
138,Tulare,Farmersville,9056224.69140625,22231.5974039177,edd42d55-fc22-4d7b-8ca2-c48b0644ab5c
139,Humboldt,Ferndale,5185693.95703125,11752.2745641248,b794dce2-d23a-417b-bb04-8261630c8438
140,Ventura,Fillmore,12609623.3632813,27109.0940171828,6d108b8d-d4da-4160-ad92-78c4cfc67d91
141,Fresno,Firebaugh,14568509.0859375,34938.4764622032,cf8fe876-d809-476e-8bf8-b2ceab474742
142,Sacramento,Folsom,127828711.875,60618.547716755,2b5126f2-2f20-487c-b057-037a71ec6fa0
143,San Bernardino,Fontana,164072192.320313,91356.776229656,7d7da582-ac88-428f-8b40-466e7d5feaf1
144,Mendocino,Fort Bragg,12609209.6796875,47830.7809436574,44dab379-6277-4091-87ed-6acfd07c8347
145,Siskiyou,Fort Jones,2873459.64453125,14024.3054955159,a6d99610-ccfb-4e10-be8e-e475cf7591d8
146,Humboldt,Fortuna,23527739.0820313,34275.2805122921,089cded8-1c3e-4096-ae60-a7681e5de479
147,San Mateo,Foster City,17727304.7382813,21511.8784789167,92313dfb-ecc7-4e48-9645-1de59d7537b9
148,Orange,Fountain Valley,34015923.2460938,26310.6960313261,6f0d5768-0966-4c8a-bf42-90b4d676ed1e
149,Fresno,Fowler,10684029.9375,30865.7067888253,b22e762e-5c33-48bf-9d25-fcf3526ffaec
150,Alameda,Fremont,324788152.777344,144697.719943739,0ef384e5-e463-4cbc-b281-37d2a37d23a2
151,Fresno,Fresno,472913910.25,444050.581114826,1f6077f2-9377-4a96-93ee-b9aade389b8b
152,Orange,Fullerton,84592255.6445313,60838.9970048308,0581ad17-ed41-4781-a836-8a86325ba525
153,Sacramento,Galt,30398390.5742188,46752.88692123,be7f91bd-bbaf-4824-89d3-d0a41d92a73d
154,Orange,Garden Grove,67328032.890625,75728.7085274797,92a3f12b-8f13-450b-b490-3fbc4c9c36f9
155,Los Angeles,Gardena,22071814.125,24272.2339213504,8e9798e8-1aa4-4e5e-8cca-051d27734806
156,Santa Clara,Gilroy,67431296.4921875,73015.263574911,8020f735-8056-4988-a1cb-939bf704e378
157,Los Angeles,Glendale,116231433.210938,70336.1906696737,3de0b61a-bc0a-4a0b-bbf2-a0c0dd7fd7ec
158,Los Angeles,Glendora,74515449.5625,59814.3264611766,88217cd7-d6f7-43ba-81b7-ee49b580415e
159,Santa Barbara,Goleta,30092246.1132813,46802.1309419932,643c32b4-6c18-4e17-af33-2e962024b099
160,Monterey,Gonzales,7545441.81640625,27134.3402274752,138c9ee0-c0d8-482d-bd86-162ae574f0a3
161,San Bernardino,Grand Terrace,13349239.609375,21841.2242623075,18f9d4c6-df3b-414c-8dc5-93426e9bfcb3
162,Nevada,Grass Valley,23952067.1679688,48041.9695399109,222fe0f4-ccb3-4347-a214-1e23d5c6bf91
163,Monterey,Greenfield,12209154.328125,30925.4042218567,3bfe84b7-f250-4869-84ab-de3425369204
164,Butte,Gridley,9828394.671875,27050.4855657333,e24fb3fb-19e3-42af-83fa-e07c62ddca79
165,San Luis Obispo,Grover Beach,9027564.046875,15132.2395055653,868c17b8-e6a7-4ec4-9e7e-0a3e6a70e2c8
166,Santa Barbara,Guadalupe,5144463.6953125,17835.6436482855,295d55ad-96ca-467b-800b-730341e52b12
167,Merced,Gustine,7397082.0234375,29208.4129123523,86621e07-ec00-4c59-b567-b87e63aada8e
168,San Mateo,Half Moon Bay,25342231.109375,42114.3387812682,8f7c1158-5018-49df-b72b-3e111adffb68
169,Kings,Hanford,70232314.7460938,103732.446115516,adc182f0-8bc4-40ed-b616-719b42e9afa5
170,Los Angeles,Hawaiian Gardens,3590395.93359375,9456.85077784985,8638868c-f38b-4d71-8786-487c46fd62d8
171,Los Angeles,Hawthorne,22848027.5585938,40451.3909028261,1365c847-1a2c-4da9-bb81-82c1717f43a2
172,Alameda,Hayward,187926706.820313,150960.214415739,786eeda4-a80f-44e3-bd88-cfb55e862228
173,Sonoma,Healdsburg,18654908.8007813,41332.2945573473,2b5ef355-e0d5-4752-90dd-5f37d89a1582
174,Riverside,Hemet,109830880.730469,87602.1666845229,68c59d9e-7cbb-408b-b7d1-917e8d297002
175,Contra Costa,Hercules,26787906.6445313,32377.2242691485,9f16a7f0-5b03-4124-9dbb-a61083f78dd0
176,Los Angeles,Hermosa Beach,5487784.8984375,10506.4196144161,fdfd3f6b-61bb-4af0-88fe-6b773ce45904
177,San Bernardino,Hesperia,277190052.414063,163259.602060628,350a462d-63eb-49fd-9c82-962a8e8f924b
178,Los Angeles,Hidden Hills,6400680.5859375,15762.6601617897,eec7bb2d-92af-4e71-b78c-e0a94a9ebe49
179,San Bernardino,Highland,70780878.4570313,81842.6718047581,b9659490-d33e-4303-a640-311eb4ed1263
180,San Mateo,Hillsborough,25561624.3671875,33968.9271988645,f9cbeeb6-41c1-47c5-9f92-566f250f4976
181,San Benito,Hollister,32995623.625,91879.275745287,74df12fc-b73e-40d9-a0ce-2ee363e7a14e
182,Imperial,Holtville,4221823.921875,15071.5501804571,209204a3-c199-44e0-b498-6501523771f0
183,Stanislaus,Hughson,7453067,17654.6763323405,660ec66b-b9a6-497a-a9e1-0c68d46d23ab
184,Orange,Huntington Beach,103208441.046875,77682.8319237742,9ace9931-8d8a-45a6-9615-425714aa322c
185,Los Angeles,Huntington Park,11402981.875,24400.3767493443,d105a554-fcfd-41e7-b0a1-6ac022100363
186,Fresno,Huron,6737058.07421875,17300.2656834056,0f702375-58a2-43ba-a0d6-9ffb0bb61eac
187,Imperial,Imperial,23161095.4804688,43030.9819306942,ca29ac7f-4b4c-4b5b-bde6-8f7ef344f02b
188,San Diego,Imperial Beach,15916121.4140625,20877.2155003246,ef1eca96-b283-42b2-8a6d-9eca028bd869
189,Riverside,Indian Wells,54714791.8867188,37000.3796159802,58c9b952-1278-44c4-91fe-55ec29c0a952
190,Riverside,Indio,128486304.171875,88236.0907133974,50daba69-c544-4922-b0db-a8db1a73849e
191,Los Angeles,Industry,45486035.1601563,134966.280098386,01bbbe9e-e665-4801-bd5c-4d8488308769
192,Los Angeles,Inglewood,34347661.0117188,33226.1317446045,2c6a727e-9315-40df-9e23-b4510279af10
193,Amador,Ione,19481241.4492188,29435.8182497201,de873e25-83f8-46eb-ae56-a7427ee769f4
194,Orange,Irvine,247401855.121094,95122.6911095878,2bd8a2f4-0ce1-4272-8807-406ccb8d2dbc
195,Los Angeles,Irwindale,36466011.9296875,48481.2316503603,9fd1d90f-5899-4e0a-8ad2-05589f5a6fe9
196,Sacramento,Isleton,1958408.734375,10250.50420032,866e9f78-8514-4116-987f-6af297d6ad1d
197,Amador,Jackson,15153684.6875,34718.1514196566,001b8d61-08e9-4eb1-932d-1d12599e3d40
198,Riverside,Jurupa Valley,164923950.671875,61890.0614260409,ecf83700-0311-4634-ad74-e5618d65049d
199,Fresno,Kerman,13607246.1289063,22574.903209005,481dd15d-6875-4e1b-8911-9e27e4873134
200,Monterey,King City,16014595.1601563,31565.1988254942,3913746f-b414-4cd6-83c7-bc7e7d404d96
201,Fresno,Kingsburg,14958994.15625,30624.4041127961,f4a7f4aa-e788-48f9-bebe-0f7f424437fc
202,Los Angeles,La Cañada Flintridge,32825753.8671875,33986.965225665,c28dfd6c-249d-4cd3-a41c-84df2fe5cdaf
203,Orange,La Habra,28562319.1015625,27108.1499262557,d42b6fd3-4fda-4693-b924-5e5601e7a3dd
204,Los Angeles,La Habra Heights,23237655.734375,25717.6686676661,bb19b394-663d-42ae-a3b8-80f3ff3af695
205,San Diego,La Mesa,33194719.7226563,49608.2921700486,ecd9bfb8-a2c8-4a39-bdff-0615f4fad87f
206,Los Angeles,La Mirada,29566087.3554688,29339.4137717257,0d4cbff8-fcef-47e2-b9be-1c631685efa6
207,Orange,La Palma,6802322.7734375,16510.7904487942,ac4126ee-56eb-49e5-b426-9b5d17d9bd06
208,Los Angeles,La Puente,13139034.4101563,31989.298196675,3cc86b6c-53b1-4656-8ea6-d74e781026bf
209,Riverside,La Quinta,133849046.148438,74293.2293567278,c0d9128e-8602-49f0-97b8-d408a2bbbbef
210,Los Angeles,La Verne,32257082.15625,42546.1443352521,dc8e1376-b6e1-46a7-9e96-bad361a89613
211,Contra Costa,Lafayette,63283520.6171875,55338.3834566903,df930c55-b08d-4b57-93dd-01f26511050b
212,Orange,Laguna Beach,33138917.0585938,64389.0854700343,e61c297d-07f9-4ad6-be45-08ecc01336b9
213,Orange,Laguna Hills,24878973.8632813,36409.4749635309,53d7c7b5-27e8-4275-a759-18b7c286ff69
214,Orange,Laguna Niguel,55229713.3867188,44223.7391339646,0b8abfdb-f64d-4a4c-95df-0c9d768a5b5e
215,Orange,Laguna Woods,12378183.5546875,27897.5638547132,cda6db4d-21b3-45e2-b468-a78c20156c17
216,Riverside,Lake Elsinore,163036845.300781,113953.132113739,4b5c3acc-35a7-436b-b21a-3d7fb7780b44
217,Orange,Lake Forest,62917505.2226563,39881.6113500689,f3d6a46c-88ab-469b-88cb-43f056c2d669
218,Lake,Lakeport,13401014.625,27465.1796103422,82dc67ea-7968-4c75-9e80-746dc198962f
219,Los Angeles,Lakewood,35596072.2773438,45731.4557849786,fba23d2f-839f-4a3a-8ff7-122139ba1c33
220,Los Angeles,Lancaster,362603669.148438,252267.671355132,28879432-47b4-421e-af4b-c4e539740429
221,Marin,Larkspur,13293315.1679688,30788.3429092546,bb7c85dd-4f00-433c-b5a5-3712f52017fe
222,San Joaquin,Lathrop,87018612.5507813,67122.3310782852,da0577b5-d9d9-4f92-9d90-04cb8539fab0
223,Los Angeles,Lawndale,7442780.76953125,13589.2994598606,56c33b8d-01cc-4311-aaa6-e7eeedafdf9b
224,San Diego,Lemon Grove,14357877.015625,23548.0342435934,34891cae-eee5-439e-bd4e-f6b87271b6eb
225,Kings,Lemoore,35652611.3945313,39733.582169103,4e8e0a7b-46f0-4678-9f53-46d842721eb9
226,Placer,Lincoln,101593332.101563,65465.9506515907,db225263-f576-47b9-9c1f-5e7ef37c9dd8
227,Tulare,Lindsay,10821316.0585938,24491.6118849095,37018578-0aa2-4f86-9ccf-a943cd2588d7
228,Sutter,Live Oak,13470637.0195313,27348.6495563244,848c01cb-7926-4fe1-8962-9d8f7f54c66b
229,Alameda,Livermore,110291983.125,104569.913042047,5953d428-30f5-4db6-addd-788b33dd6d62
230,Merced,Livingston,15185179.4570313,28543.0067278259,9d08a496-0c9a-4b0e-93a1-a7e89467e7ac
231,San Joaquin,Lodi,58646344.7617188,62878.7883997064,3e9686da-fb56-4042-9cef-445443f40af9
232,San Bernardino,Loma Linda,32998243.2578125,29108.8781077374,ea48945c-1f20-46f0-9ca1-66f168ba702e
233,Los Angeles,Lomita,7217657.109375,16515.6223712432,65b74735-169c-49da-8e6a-ac6a764fae31
234,Santa Barbara,Lompoc,44921248.1953125,48729.2242162601,af810fa7-c6f5-4d9b-9237-c8ef431948a1
235,Los Angeles,Long Beach,195374788.878906,120342.436796653,37da0940-b901-43e2-9081-01324c08eb66
236,Placer,Loomis,31363962.734375,37187.1496212077,06371801-f086-4564-8876-e5a6c1429b95
237,Orange,Los Alamitos,15409187.5507813,25658.7853177052,615b105f-2681-4fba-b8dc-4241febfb8bd
238,Santa Clara,Los Altos,26806472.2070313,42741.9636341469,2d9ad820-b5aa-45eb-99c4-afe08c89bb4b
239,Santa Clara,Los Altos Hills,37228036.171875,44258.5725939138,c3f915c8-221c-47fd-a5d9-e20a104901bd
240,Los Angeles,Los Angeles,1783699495.15625,596444.919468046,44ec38ce-cd51-4f14-ae4e-aef55d285bfe
241,Merced,Los Banos,43298500.4570313,57222.7067406855,4ea081dd-0161-4721-ae73-22fe5e5f14c8
242,Santa Clara,Los Gatos,47689984.6171875,92916.2099173324,234e9799-1c9d-4a40-a371-e34b86c32bff
243,Sierra,Loyalton,1489336.4140625,5251.28898562734,621ad35f-1140-4403-939e-2e3ad7ef1ae7
244,Los Angeles,Lynwood,18294345.6601563,26554.264533099,4a1f3820-5bdd-4c05-942a-f6345857b6c9
245,Madera,Madera,67723732.9609375,72605.2110377074,7f76bdbe-f036-40d6-8eed-d64564068b7f
246,Los Angeles,Malibu,73975531.421875,92982.981661479,f5b00992-f56c-43ca-94dc-6a8f8aa7d933
247,Mono,Mammoth Lakes,104102584.164063,58077.39859624,ecbae51f-4473-4c25-9d15-ee04a0c663be
248,Los Angeles,Manhattan Beach,14926378.46875,17595.2238846574,9ae46d58-9b66-42c2-9e37-8b12cb4c6681
249,San Joaquin,Manteca,89300733.7734375,87492.4815097322,4cf5f208-1839-4213-b26f-4fa6508528b4
250,Kern,Maricopa,5975737.38671875,18475.6070196274,472939e9-f117-4400-83c0-b03d6fb2f881
251,Monterey,Marina,35446986.8398438,38422.8669723451,52a2d3dd-492a-4d63-9d12-d3ff74f70721
252,Contra Costa,Martinez,52940579.484375,74620.7855349447,13aacadc-944e-4e51-8deb-501e786d8d50
253,Yuba,Marysville,15713109.28125,26996.4854507575,6ba0368d-bcb5-4693-9eb5-e8259c346860
254,Los Angeles,Maywood,4438563.49609375,11065.7834962406,d2f9e866-c697-4a62-8cb3-4093cce23c94
255,Kern,McFarland,11851694.0273438,31411.9445039601,3d5f545d-59ec-4110-ad92-e21b79804213
256,Fresno,Mendota,13475055.6953125,34555.5949192477,2379517b-cc39-44a1-8227-12651a1d2e30
257,Riverside,Menifee,174635870.039063,83343.6694492775,ff111094-75c0-425b-bf44-fbad15a435e2
258,San Mateo,Menlo Park,41852669.8476563,69961.0856747928,171f896b-3456-4a5b-8247-6574c4ea58f6
259,Merced,Merced,95885024.0976563,133704.71088363,d46d7710-4518-4a7a-a556-63aeb2565458
260,Marin,Mill Valley,20078173.3867188,35589.9807841193,04eb633e-6d65-4302-b9f5-b69ec8670b37
261,San Mateo,Millbrae,13490836.2929688,20198.729946286,09ed4df2-419c-417a-9784-fb0a6a128f03
262,Santa Clara,Milpitas,55691336.8085938,60850.4116832612,1967f95f-49a6-41fe-b643-e0c5da526fb7
263,Orange,Mission Viejo,67400724.9179688,47273.0543881292,061b1c25-3937-465d-908a-28dbdda3a9a8
264,Stanislaus,Modesto,185629914.371094,200787.278234542,0ad84b7b-1b9a-4413-a4a2-b1fd6c6a913f
265,Los Angeles,Monrovia,52129580.9765625,53149.2903470201,375beacb-1a69-4b88-8586-8d1cd424be10
266,Siskiyou,Montague,8089220.23046875,16687.0001834397,6ed54f4d-0897-4804-b7f2-da2b9cab3a8e
267,San Bernardino,Montclair,21030149.1796875,23083.9476568883,734c62e5-f1d9-4fbf-91f5-b44c34f2180a
268,Santa Clara,Monte Sereno,6641003.8671875,25308.2288234222,02b6e4b2-a5ca-48b3-a5fa-720173e60aa8
269,Los Angeles,Montebello,31602688.2304688,36783.7997541433,9180b570-ec79-48c7-849f-de803385000d
270,Monterey,Monterey,33754032.4375,62534.6719586823,707d0180-dcb2-45c6-9b52-ffb6a310f801
271,Los Angeles,Monterey Park,29283299.4570313,29326.9281861026,f77f8b88-b210-42bb-ad79-6e35cea176b6
272,Ventura,Moorpark,47443273.5585938,42232.073832857,841bd400-c189-433a-8059-5eded8f06514
273,Contra Costa,Moraga,39419995.625,39240.7394193598,4176e25e-0d84-44ba-a6a0-77f74df0bdd1
274,Riverside,Moreno Valley,194325185.410156,94349.3756158182,e6e70e14-ae43-4008-bd5e-9acd959db85c
275,Santa Clara,Morgan Hill,52684187.625,107865.185672825,b7259c9b-5971-4966-8fa7-01606af16149
276,San Luis Obispo,Morro Bay,23663789.9296875,34075.0778035956,15887f9f-9e3f-4b0e-be8c-a63216c138ae
277,Siskiyou,Mount Shasta,16632746.3632813,35894.2412463429,79ed1955-0d0c-4c94-8861-e67879d9ae98
278,Santa Clara,Mountain View,49802185.8867188,55031.9963453227,40d867f7-9681-4ec3-8170-f0a856d11aab
279,Riverside,Murrieta,125624122.730469,69379.4001279211,48a0e2da-00d0-41dc-9b3f-3fa3083094fb
280,Napa,Napa,77254315.6640625,129503.778061575,cb747d58-3314-488e-a985-5904060201bc
281,San Diego,National City,34048338.6171875,65504.2692005885,8a3be6d0-c207-476f-adb8-579adf835e40
282,San Bernardino,Needles,120051685.738281,65594.8817845209,790e51fa-851d-4bfc-972e-af957a2be57f
283,Nevada,Nevada City,10164505.3710938,26120.7803190496,2d534d36-2c89-4846-adf2-782bcbe22521
284,Alameda,Newark,57958722.8203125,38337.6994856263,b58983fe-0a2d-4b91-aaba-7e14d7e49ab2
285,Stanislaus,Newman,9151114.15625,23302.3138792738,3d9cbbc4-a0e8-4824-bd31-23223da0e89f
286,Orange,Newport Beach,96841480.0390625,74625.3428956202,78e7dcd6-0aca-4b8e-bcad-0f5884ea35df
287,Riverside,Norco,52726840.3984375,44775.1228194936,6f1c0b00-2715-4f6c-919b-75866e69996e
288,Los Angeles,Norwalk,36808130.2851563,33681.1472121842,d738943c-2fd0-4f6e-9b55-b8dc8e19eaf3
289,Marin,Novato,116161736.878906,114776.014026665,2f0783f9-faf5-481d-8688-5196ba4ce8fa
290,Stanislaus,Oakdale,25993337.3203125,44432.5248425741,ecda4497-08bb-4300-9509-ffdd7d6b13ab
291,Alameda,Oakland,234498887.753906,151709.030330658,f7168a0b-fcec-44bd-a043-a2719477a688
292,Contra Costa,Oakley,67623872.40625,48766.394827593,e5bb06b8-1528-4e53-bbb9-d9bc39bf5a9d
293,San Diego,Oceanside,156306446.886719,88470.8786148173,9e423d4b-3359-444b-b4bb-010c5bc2933a
294,Ventura,Ojai,16674611.1640625,27349.5567964179,6518a0c2-bc77-45e0-89d8-1e9158d0da4e
295,San Bernardino,Ontario,188782789.339844,65548.4801123092,3c71896c-447f-4065-80b5-899d61ad858f
296,Orange,Orange,97108748.2734375,125491.478696717,7e0caf2e-0218-4af9-b419-31ef4b4edfe0
297,Fresno,Orange Cove,7307082.8203125,17047.998553581,0799045d-05c2-4dc9-9cb9-621cab63d944
298,Contra Costa,Orinda,53560363.1835938,48145.8364134262,e553e63e-3c81-4afc-8748-dd3c7c3b956d
299,Glenn,Orland,13208664.6601563,26207.6976093362,e9ec2da1-2708-4692-8218-035249863b9d
300,Butte,Oroville,60863715.7890625,92788.2091153017,c7dc2e70-691d-4a12-84eb-ed15cf4b28dd
301,Ventura,Oxnard,103342465.460938,119737.081398653,ed3eb1de-6489-4499-93db-74b5e6d57615
302,Monterey,Pacific Grove,11568089.078125,24160.3206710167,fe1c9c1d-0235-46fb-80e1-5fa05b8725c6
303,San Mateo,Pacifica,51327798.7148438,50244.9730161096,dfbd888c-00f3-46d9-ba96-20057d45e27a
304,Riverside,Palm Desert,101242338.933594,75849.3998820899,6a59185f-5261-4131-a53a-27797b5be067
305,Riverside,Palm Springs,355393408.011719,176668.781196456,81826d6e-9d1d-41f6-ad1d-a1604ed38468
306,Los Angeles,Palmdale,407166454.390625,252670.916212207,7f3a659a-c896-4a8b-9a02-c5508f15e3c7
307,Santa Clara,Palo Alto,99492988.1367188,116664.57201978,be227d57-337d-46da-9422-3f3972d53121
308,Los Angeles,Palos Verdes Estates,17963838.265625,26368.0304596918,e6d45a70-a087-45d0-8522-54806611a88d
309,Butte,Paradise,79149910.4101563,41387.3558466656,523f4a00-d109-445d-800f-d1f03c6318ca
310,Los Angeles,Paramount,18182373.1953125,24979.9724426193,e58b6525-3ba2-4056-88a1-a0b151b20a0c
311,Fresno,Parlier,9710166.62109375,27290.2361682818,71baa17b-7a01-417a-ac81-7b279a290e6f
312,Los Angeles,Pasadena,87596897.8554688,104400.601221918,b86ee059-977f-4784-8203-fb670852945b
313,San Luis Obispo,Paso Robles,78443161.2539063,78994.6132069921,bfa879ff-fe62-4530-82fd-c7d8454f086d
314,Stanislaus,Patterson,32954916,47779.2368168945,abf505de-3bbe-4139-bfb4-8baa9b0f6e78
315,Riverside,Perris,119259946.980469,85799.1294523827,4c88752a-ae1b-444a-ae9d-1817ba47404a
316,Sonoma,Petaluma,61200535.1953125,67127.9002831159,819adba8-2bdd-4f62-a1a4-f520cafb7639
317,Los Angeles,Pico Rivera,33631078.1953125,35140.8539442078,a7f09faa-e3e2-4026-9c06-67d176d9c559
318,Alameda,Piedmont,7100715.34375,11464.9088245272,119a429a-ea28-4d59-8c15-d3783f4cee40
319,Contra Costa,Pinole,21390538.734375,34441.4231522048,4a8b6b08-24d8-4949-ab20-38f74cf774b5
320,San Luis Obispo,Pismo Beach,13553479.7851563,40020.2736968292,3c268928-da36-44e3-8b4a-febf8ea41d1b
321,Contra Costa,Pittsburg,69615666.515625,71485.9225400739,b5092a10-a09e-422a-8155-4f8e2df0d1a7
322,Orange,Placentia,25003669.2734375,45557.7866030387,275f7bec-9e28-4581-870b-08d4a6f891e5
323,El Dorado,Placerville,24882613.7382813,56039.5180042872,b614eb58-28a0-4324-b7bd-ecc9542f4326
324,Contra Costa,Pleasant Hill,29528939.7851563,41249.6220295386,b8041a97-2fd4-4dc4-a845-d7b9cd79ede0
325,Alameda,Pleasanton,100556714.109375,99485.8340601922,14f304e3-1bf5-455a-acb7-c5e03b230322
326,Amador,Plymouth,11255453.5117188,30750.0065844473,4a3bfdba-00c2-4e8d-82da-e42e758d9267
327,Mendocino,Point Arena,5781766.42578125,16546.5057353191,3d2155db-d7d5-437c-a22a-853b07f596aa
328,Los Angeles,Pomona,86949260.7773438,60093.8122298215,b5a13b13-4dda-45b7-9cde-2c5b732431e7
329,Ventura,Port Hueneme,17128019.2734375,19385.6585029836,549c5d90-7b49-4800-a0f5-e4d8a47b13b0
330,Tulare,Porterville,73626040.7109375,134964.502539811,e924c1d7-3726-492e-8a77-a137229e6659
331,Plumas,Portola,23881760.7929688,39375.5940114379,2ad4150a-e8a0-46df-9d5e-610c0804e78e
332,San Mateo,Portola Valley,37166255.75,32986.6997186911,93cddbe4-66e9-4bb5-b379-762033dc757a
333,San Diego,Poway,144426724.417969,77232.8926234222,6549de9f-d074-4913-9abb-98cdbb88786e
334,Sacramento,Rancho Cordova,147780490.039063,83234.2105554315,74d7d295-ed1b-4f33-87f7-4587a8bc64ac
335,San Bernardino,Rancho Cucamonga,176217915.417969,64993.5666783682,9a299e85-25e2-4980-a430-50d425658975
336,Riverside,Rancho Mirage,96272904.8007813,63952.2573689934,a9ca616d-738a-488c-987d-bcd5b4ecb251
337,Los Angeles,Rancho Palos Verdes,50715804.9101563,75838.3720458158,02f23da0-c4f7-4c10-ad51-9d2a833866d5
338,Orange,Rancho Santa Margarita,48612722.8554688,53484.8247992307,1610242d-5113-46d8-8db5-bf3e58f5bd6c
339,Tehama,Red Bluff,34586653.71875,72739.7786162157,f3e0c01a-3dab-47bc-ac8c-3a5bfb5ca3ac
340,Shasta,Redding,273653778.5625,200002.486364008,5edbca40-34c0-41e6-b12d-325de5565389
341,San Bernardino,Redlands,137182930.191406,111481.867114611,efb2a5e6-8e02-4c10-ab0d-8d76b5d9b05a
342,Los Angeles,Redondo Beach,23634839.2226563,34898.51272754,711dfdd8-fc25-45c7-a6b3-f716838c4ce4
343,San Mateo,Redwood City,89617439.0625,93611.4612668091,5660f3a5-5a62-48ad-82b5-931b039387dd
344,Fresno,Reedley,22607950.4804688,43003.7486545284,ef91d62f-8dad-4162-8b26-61a93fe4d486
345,San Bernardino,Rialto,91390403.578125,98745.6370998239,96975d0b-4c06-420c-806d-77b8c0f70e14
346,Contra Costa,Richmond,126675636.636719,176965.464693012,45f0f280-5d3a-4a3a-84f9-7cb4d419e15e
347,Kern,Ridgecrest,84540228.5273438,69285.6735449347,48eedf70-70d7-4925-b8b7-6103ee5dc7a1
348,Humboldt,Rio Dell,11666569.5429688,28074.4491535008,5dc2b8e2-6863-4ce9-966b-2d014c37fc38
349,Solano,Rio Vista,28935366.203125,35454.3947119044,9ca0d339-e6a2-44dd-857e-61e7cd0f7a63
350,San Joaquin,Ripon,22885456.84375,37095.6139718161,064fb9ff-a16f-4910-9eea-fe0b882d75ce
351,Stanislaus,Riverbank,19707228.796875,28698.0202452408,26ff9792-f869-4bbb-a49b-c9b5c4841a50
352,Riverside,Riverside,307618936.777344,125771.980799906,f0ce24cb-2697-4cbe-91f3-f3d9802aede1
353,Placer,Rocklin,84310905.15625,52386.9677909041,ec539eb0-57ca-471a-823c-4185fc88fda0
354,Sonoma,Rohnert Park,30829152.1796875,40766.6339277502,86909745-0623-4620-b48a-54bd29ee30f4
355,Los Angeles,Rolling Hills,11232750.6523438,17709.4722533372,6460131d-326e-4a9e-bc2c-775a02f5a4a7
356,Los Angeles,Rolling Hills Estates,13510504.5507813,44984.5462724516,eead10cb-6be8-4a8d-8aa4-ab4c0eef04ed
357,Los Angeles,Rosemead,19557738.3476563,34742.7230793602,ff890777-604e-4f8e-9e64-61433f2be67c
358,Placer,Roseville,188369685.691406,103311.790809225,00b182ab-6459-46b9-9a0a-38c2d5e94336
359,Marin,Ross,6482114.5625,14630.4885851062,9c0177aa-ad77-43ec-be6e-4752a2382d78
360,Sacramento,Sacramento,427007328.730469,198235.433107305,7223be8a-6d82-49eb-94f7-6db5c9511368
361,Monterey,Salinas,94905743.375,59269.1649201877,43a14511-a2ff-4099-af65-ec9a825220a6
362,Marin,San Anselmo,11135699.3828125,23655.4797728855,033b1333-67c3-4635-af3c-019c3ab0d27e
363,San Bernardino,San Bernardino,236679086.378906,262073.488311803,af9df172-d9a9-46e7-a394-8865892512d4
364,San Mateo,San Bruno,22670974.7109375,29835.1014582865,748e5da7-3eaf-4143-9d11-a74b207ebe87
365,San Mateo,San Carlos,22245703.1953125,38466.2051114397,c610e761-fdb5-450d-a2e7-b9e91dc0aa55
366,Orange,San Clemente,68399728.0859375,46048.6615335189,514c666f-1765-4b53-8d1b-b23faed64e43
367,San Diego,San Diego,1248246435.08984,435778.638159929,9bd96f96-21a8-4f74-9504-658b87b89687
368,Los Angeles,San Dimas,58386928.3867188,62777.7392005674,92978ddb-51f6-40b8-a84f-9f94a06fadfd
369,Los Angeles,San Fernando,9028822.01953125,13535.6471148585,e337dd0c-3f39-41c7-a706-8a41fbb7a9e1
370,San Francisco,San Francisco,196956991.132813,88017.5832295031,22155ea7-bce9-44f7-a8bb-47524aba3dd4
371,Los Angeles,San Gabriel,15644452.6210938,35543.8786644452,0e7586d1-a740-470b-8a49-fdaba6b923a4
372,Riverside,San Jacinto,97900780.6953125,72246.5252366248,26a048a2-b665-4994-9ea9-f903ea72d164
373,Fresno,San Joaquin,4621577.88671875,16766.3997344222,bb1c0ed5-95b7-4b39-9732-56e3b634c0d5
374,Santa Clara,San Jose,736732528.890625,558594.751584614,04cabb06-702a-4308-90de-372d1a31da84
375,San Benito,San Juan Bautista,3161606.3828125,11891.297445201,8824172c-47b5-4ca9-9f43-5de6af79d72c
376,Orange,San Juan Capistrano,53812533.9257813,39988.5941283385,5ad6699b-f094-4236-8c2d-f020af5063f1
377,Alameda,San Leandro,55297492.9804688,44204.8238907699,c0f019a7-9299-4d7b-b6dc-eae218e434b0
378,San Luis Obispo,San Luis Obispo,53035632.7109375,63090.7801074243,2a4a14d5-79ad-4951-8356-449c441ff2e1
379,San Diego,San Marcos,91060676.8398438,82477.3069318236,f4582ec4-c221-4a78-b2bf-ec5ee2620546
380,Los Angeles,San Marino,14270612.8320313,20988.4402580177,2224cf5b-3d9c-4f56-abb3-daae68fe447a
381,San Mateo,San Mateo,51529814.7421875,55198.7179558889,df1d93b9-1681-4016-8426-9186099481df
382,Contra Costa,San Pablo,10873954.8945313,20723.2271520139,eca71bdb-3d39-46e6-88d5-d79b7a03c1ce
383,Marin,San Rafael,69657593.3789063,91209.0985089714,b33c3143-ff46-43bd-b805-d75840603026
384,Contra Costa,San Ramon,83436495.859375,53489.5086293224,01b863ff-242c-483e-bd2d-6928982adf3c
385,Monterey,Sand City,1805350.07421875,7145.79009381909,38daa221-0f57-4943-a48a-72d331e7f735
386,Fresno,Sanger,23145354.484375,30814.8590475768,a412ff41-944c-4b1f-82cd-442152ffee6b
387,Orange,Santa Ana,102836271.988281,59297.6920757499,daf026f5-9d30-4385-a2f7-87bb5b2559b5
388,Santa Barbara,Santa Barbara,74577754.59375,98848.9057625582,ab4ec48d-c731-403c-af66-3d09a3d70562
389,Santa Clara,Santa Clara,74710485.40625,58831.0412529146,57b4dec7-8124-416c-955b-35129a1c1eec
390,Los Angeles,Santa Clarita,270381322.203125,134970.730700177,af9adfa2-1e05-4997-9ce4-b8886ca93bc3
391,Santa Cruz,Santa Cruz,51660946.6367188,61502.4664412579,3b30207f-5ac1-46d9-a38d-b7b1bbb13ece
392,Los Angeles,Santa Fe Springs,33436576.4023438,57872.9378690473,2b27542f-0442-4d49-a11e-2d380e29f83f
393,Santa Barbara,Santa Maria,90883577.6171875,87515.796776136,d1c819ca-bd6a-43d1-8ff9-ca6085312233
394,Los Angeles,Santa Monica,32088268.546875,24259.2892449961,eb8248a9-59a9-4c93-8435-1f39fdae2fc9
395,Ventura,Santa Paula,21768873.8554688,32901.0264262498,c4f1aef1-647f-4752-930b-4121b511a8a4
396,Sonoma,Santa Rosa,180908962.625,242662.949111027,ff92d210-d3e7-4547-b467-be99ea1441c6
397,San Diego,Santee,61484241.375,53802.521581051,b8ac56cb-975e-4ec5-9081-4921bfb5896e
398,Santa Clara,Saratoga,52363903.2578125,38809.1089015499,04a8579a-124f-440f-8ea2-ff006c6b6ee2
399,Marin,Sausalito,7073235.08984375,16234.5331496425,335133a8-6b87-4dd2-89e5-c249d95f6518
400,Santa Cruz,Scotts Valley,18942579.4375,36359.772339483,cf549888-6953-4522-95e9-3b9f3e9f5e17
401,Orange,Seal Beach,44410775.3125,35829.3542516322,a23313b8-d3bd-4c47-b9d8-e80e65d47d62
402,Monterey,Seaside,37576691.7851563,28291.5600900631,225322ca-aa6d-4e69-95de-6a969cea1e46
403,Sonoma,Sebastopol,7963427.453125,24751.2424303691,c1020509-ed2b-46dc-8a3e-8ef0d2e72056
404,Fresno,Selma,23569157.0742188,41678.1152430873,2cd7ed4b-fa77-447d-89a7-c529deb463de
405,Kern,Shafter,151805676.316406,95747.5985247595,66ac58b8-65f3-4179-b88e-c2fb1c2accd1
406,Shasta,Shasta Lake,48898968.2539063,36093.5685176922,e74d6b10-65c4-40e1-8c51-d64f04ed35c9
407,Los Angeles,Sierra Madre,11224441.3242188,14811.9517334063,8502ba25-c9f9-471a-91e0-7539f73abd82
408,Los Angeles,Signal Hill,8263922.94921875,20718.6965209278,ceee12fd-8ecd-4671-a407-3d7075755fdf
409,Ventura,Simi Valley,160889382.574219,105750.850492169,d0cb7066-10cd-4484-b4c1-92752fc7f8ce
410,San Diego,Solana Beach,12566902.2070313,17561.8286791104,7ec9f195-fdd1-4cc3-b51f-189c2c4da889
411,Monterey,Soledad,18966855.5507813,40888.1283434078,0d5d645b-960f-4f31-b362-80863713e1ea
412,Santa Barbara,Solvang,9355712.98828125,24088.2429126894,6830c821-869d-497a-ae44-c1f8f2988830
413,Sonoma,Sonoma,11071137.5039063,23871.5576517794,50c6627f-60bf-4659-b731-5023d7b95e59
414,Tuolumne,Sonora,12993923.5703125,21841.3039390573,3c38c8f0-24c3-418b-b84e-2792027ba80c
415,Los Angeles,South El Monte,10779077.0390625,22809.6687687195,bfd367c5-2818-4fa7-93cf-6e057ccca3c2
416,Los Angeles,South Gate,27722325.125,37662.4477779243,71ca371c-d27e-4817-ac81-dbda70c498eb
417,El Dorado,South Lake Tahoe,74955719.4257813,55721.7024777344,8cdca7b8-e476-44ee-853a-cfdd655af6f0
418,Los Angeles,South Pasadena,12938297.34375,15983.9196173555,7a8f02dd-023c-4d48-ba3e-77fc13a3d72d
419,San Mateo,South San Francisco,37827918.4296875,63507.5265110519,100e95cc-ebf3-416e-8e20-fcbff3163802
420,Napa,St. Helena,21581247.203125,31664.0712425904,8867b333-8e8e-4cdc-b41d-ef66a9699dde
421,Orange,Stanton,11686823.3164063,33483.405482768,3e342915-b86a-4806-b2e1-ad40237cd5c6
422,San Joaquin,Stockton,276758684.480469,281373.058269844,34204680-532d-43ca-9f1b-f241dde7d3ce
423,Solano,Suisun City,17185155.8945313,34090.9592344595,6aacc2ae-5b60-44da-b446-382981acf4e0
424,Santa Clara,Sunnyvale,91366252.7578125,65588.7543784695,f0bae7c6-f6fe-4d03-8dd1-579081194cb6
425,Lassen,Susanville,35316411.9453125,66105.7518881547,37718f8e-1c51-4f93-b8eb-2f7a1121444c
426,Amador,Sutter Creek,11304102.8476563,32096.7323373362,64677ecc-2a27-42f8-82d7-b6bcc244b559
427,Kern,Taft,58700865.6914063,53480.1798617673,9e636ec4-84ee-4d31-b881-de631c110d63
428,Kern,Tehachapi,39970878.796875,65979.8003127906,aa95dac9-f8b1-47f0-bfcd-e15ec2e76d14
429,Tehama,Tehama,3456749.7421875,8621.66392371782,bf56407a-8502-44c4-907f-2d448fd5e21e
430,Riverside,Temecula,138825973.71875,86826.8834935536,1bed47a6-0602-4d9e-ad08-fec50de263f5
431,Los Angeles,Temple City,15259500.0820313,22322.0282256972,23a31143-9ece-4bf4-9e06-a9787fd127fe
432,Ventura,Thousand Oaks,210489429.59375,123574.67923006,29e25c0d-d6e7-4d56-b082-2b09d59660e7
433,Marin,Tiburon,18854218.5,51608.8531781674,ac336a93-9d60-4bd0-9d22-556c7b446de1
434,Los Angeles,Torrance,77323534.96875,51431.0729386086,cee9d69e-414e-422a-b85f-829d261eccd8
435,San Joaquin,Tracy,109828024.027344,128899.37678558,528aa343-6e1b-40e5-8f69-ca13170c32bf
436,Humboldt,Trinidad,2076952.69921875,13033.1811784926,d898e43d-ccaf-4ae4-ac80-8670d5a0178a
437,Nevada,Truckee,146124763.253906,92677.013875475,48be76d2-b276-4d79-b6d4-efe04e26157f
438,Tulare,Tulare,81450731.2929688,80939.1074005729,6cbc5570-702a-4644-a8ea-b7899b4349a0
439,Siskiyou,Tulelake,1910090.3203125,6727.17544813947,b6a65be9-57ef-487c-be2f-abaf7119f30a
440,Stanislaus,Turlock,69493672.6171875,63723.1993275508,5b6d31fb-3ce8-41c6-ac23-768f86ce0d0c
441,Orange,Tustin,41820895.9375,57145.1763645262,faf57a9c-093d-479e-92ce-8e051d38b516
442,San Bernardino,Twentynine Palms,222715993.351563,106740.922849077,a7413e3a-b057-4dab-b9b6-6cec101bc4cd
443,Mendocino,Ukiah,20608561.9023438,36972.481228619,fb4fd85b-688d-477e-90c2-acf088b22c19
444,Alameda,Union City,80377660.4648438,71695.2447590985,6aa7416d-fd1d-4a4f-93c4-0770fbb1a2e5
445,San Bernardino,Upland,59394283.703125,35235.9098136648,126b8229-3e2a-459d-855f-f1b727496269
446,Solano,Vacaville,125859689.722656,99661.3418556159,cd5fff18-597a-492c-b806-b537dc537746
447,Solano,Vallejo,128781938.925781,111406.58078821,5d233983-df7a-4a5e-ad14-bdd6b020d88a
448,Ventura,Ventura,84183660.671875,127366.153137471,b6ca1816-a490-4ca0-b0fc-1f9f22f61b61
449,Los Angeles,Vernon,19472683.6210938,31186.4239824758,9bf3612c-3f05-490d-9f65-a208b544375b
450,San Bernardino,Victorville,283232286.65625,142990.449724695,a98d7a6e-5a5c-477e-af88-acfb9f11f70f
451,Orange,Villa Park,7853818.37890625,17655.3859711759,05c51b3c-8ec6-4d1c-ae38-dff22af2d203
452,Tulare,Visalia,153180776.375,132472.38948029,50e29e46-a597-43c8-a3e1-f5a96bda5338
453,San Diego,Vista,69662663.796875,99294.9360690489,92ca4e60-39bd-451c-968a-9b06e89a3d30
454,Los Angeles,Walnut,33932903.1796875,33705.1607973171,ae2139a0-501d-469a-ada3-016c2a66a4a9
455,Contra Costa,Walnut Creek,82428801.484375,116944.312635597,adc694f6-2fb6-4cc4-8926-6241ea3f6fd3
456,Kern,Wasco,37477413.03125,51022.8149686062,ee4b3a57-a6a3-4f50-a139-d4a389b8cf6c
457,Stanislaus,Waterford,10166347.6875,18582.4891401087,c457bafe-f200-4f65-9931-1b8a36f71f28
458,Santa Cruz,Watsonville,27580445.25,48950.2137587499,7d940c0c-5837-422e-abd6-70af8246d149
459,Siskiyou,Weed,22193265.7539063,36202.9728628581,b7c479d4-a39c-4f00-a78d-17da1c164456
460,Los Angeles,West Covina,60787433.9882813,75435.3600168253,6787f7e3-650e-4458-89f1-12cfad6e98db
461,Los Angeles,West Hollywood,7178771.4921875,21043.1206737822,a5521376-b045-4227-a9c9-2289a4fda883
462,Yolo,West Sacramento,97647197.203125,46539.3055212368,e106bd6c-95b2-437e-8544-9ceb8d6ca372
463,Los Angeles,Westlake Village,20803175.9101563,23742.8009022052,2abfa6de-fb85-4c01-890a-1e46210f7628
464,Orange,Westminster,37856067.8945313,54680.6146773354,901af9fe-a6a1-43b7-8b01-a9ac2a0b78bb
465,Imperial,Westmorland,2278996.96484375,11110.2035510941,98ef1b30-ee17-46ee-b863-4f33bc7ef9ca
466,Yuba,Wheatland,34931643.8710938,46816.2199893527,605ac660-f0b1-47c2-ba83-7adc6f311e3d
467,Los Angeles,Whittier,55332675.2070313,60122.3409694454,9a76d19e-c723-4ff4-9f12-66366c729a27
468,Riverside,Wildomar,88793381.0898438,42930.1354892912,900fffad-d4c4-40d4-a556-4338fd6123fd
469,Colusa,Williams,21810706.8789063,31323.7559121148,8d61708a-ae37-4d43-bd2c-90bf3edf3a36
470,Mendocino,Willits,12210984.328125,29849.4400068214,ac2c60fd-0866-4aa8-9388-832467951ce3
471,Glenn,Willows,12296339.8085938,22524.0806156911,610d03de-4ea4-48d6-ae9e-3939071fb906
472,Sonoma,Windsor,31964864.0976563,57540.81457591,090a768b-25e5-4310-8d66-b11805d58729
473,Yolo,Winters,10804762.296875,24490.1125811704,e34317bc-3495-4d22-98ec-87face98e432
474,Tulare,Woodlake,13124119.4492188,29231.0651581337,9c1c72b0-daa2-4d07-a3e6-2bb77c95031e
475,Yolo,Woodland,63904987.75,73095.5181818295,df617f85-f032-4911-a177-1b7005b78c0e
476,San Mateo,Woodside,47181679.84375,59404.639204305,be919321-84a8-451a-bab8-106098c95dec
477,Orange,Yorba Linda,75095135.09375,73709.6961450616,26cab1e0-ea41-497a-a61a-526213d5578c
478,Napa,Yountville,6139924.5,18166.7764789401,735a240a-584d-4627-8090-a2e92033d000
479,Siskiyou,Yreka,46798868.375,64683.1907662048,a1a1efeb-3906-417a-812e-2184e2101bd5
480,Sutter,Yuba City,66302159.09375,74665.9520026705,060e429b-d220-42b0-82c9-bb07aa3ceb8b
481,San Bernardino,Yucaipa,106858391.742188,66660.7723633347,048cc48d-99e6-4541-97c5-27b43a221a05
482,San Bernardino,Yucca Valley,150931680.210938,63739.2351735885,680fbc80-bd8b-4699-8097-b49c2b3f207e
